;subject;condition;mean_amplitude
0;1;deviant;1.6159049999999997
1;1;standard;2.0235495999999995
