;subject;minutes_elapsed;negative_log_likelihood;optimal_tau;regr_slope;regr_intercept
0;1;19.633333333333333;11037.52002141536;20.75772005234189;0.018838318159911292;0.8627349257508948
