;subject;minutes_elapsed;cost_function;optimal_tau;regr_slope;regr_intercept
14;15;28.283333333333335;548519.0693541283;23.72572180359647;0.020531288538414322;1.0893792903905866
