;subject;minutes_elapsed;cost_function;optimal_tau;regr_slope;regr_intercept
31;32;37.016666666666666;364724.9455849483;144.4732019307063;3.293689608758849;1.369315308953288
