"predictor";"beta";"SE";"Chisq";"df";"pval"
"baysur";-1.23401364535727;1.02810956294206;1.44061950384639;1;0.230039117572216
