"predictor";"beta";"SE";"Chisq";"df";"pval"
"baysur";-1.18910074013989;1.02844254206887;1.33679703495;1;0.247599608313401
