"predictor";"beta";"SE";"Chisq";"df";"pval"
"baysur";-1.18910082596993;1.02844257864879;1.33679703378584;1;0.247599608519276
