;simufile;minutes_elapsed;cost_function;optimal_tau;baysur_slope;regr_intercept;sigmasqr
0;1;53.46666666666667;606.8752552913959;4963.433750925304;0.0;-1.174270162462335;
1;2;51.71666666666667;349561.8707534661;4972.0819125501275;0.0;-4.620288291776433;
