;simufile;cost_function;tau;baysur_slope;regr_intercept;sigmasqr
0;2;844004.4793390292;5;0.0;-1.9200627330853877;291.7402279084095
