;subject;minutes_elapsed;cost_function;tau;slope_wordreps;slope_Typefrequenz_absolut;slope_Nachbarn_mittel_absolut;slope_Typelaenge_Zeichen;slope_baysur;regr_intercept;sigmasqr
0;1;1.95;767307.0426031208;8.44;-0.13142238534015224;0.6245540245203633;0.7655004983947793;0.7358667988302198;-1.9206835759165284;0.7909695633813065;256.45288857056175
