;subject;minutes_elapsed;cost_function;tau;slope_wordreps;slope_Typefrequenz_absolut;slope_Nachbarn_mittel_absolut;slope_Typelaenge_Zeichen;slope_baysur;regr_intercept;sigmasqr
0;1;2.033333333333333;767301.4149336924;6.65;-0.004518764580683294;0.0003406411890781052;0.020140889543989942;0.09196723580623;-1.9887914616803914;0.5216398254786587;256.45100766500417
1;2;1.7666666666666666;309967.5939225674;6.65;-0.015011000660921736;0.0005273196351923675;-0.014629156833502768;-0.2887165256498135;-3.022391330863956;5.570315532229685;103.35698363540092
