;simufile;cost_function;tau;baysur_slope;regr_intercept;sigmasqr
0;1;428895.3960723133;5;3.019267622736516;0.749665546397325;148.25281578718054
1;1;428878.583199839;10;3.860925911684933;0.7496497084550372;148.24700421702005
2;1;428875.1785062324;15;4.070233128136641;0.7460274614156959;148.24582734401397
3;1;428878.1052736086;20;4.118293665274266;0.7414171854307858;148.2468390161108
4;1;428952.256626178;50;3.1250527292151777;0.7219149529262683;148.27247031668787
