;simufile;cost_function;tau;baysur_slope;regr_intercept;sigmasqr
0;1;429023.2072017444;5;0.0;0.7889640124306225;148.29699523046816
