;simufile;subject;real_tau;real_slope;real_intercept;real_sigmasqr
1;1;1;5;-50;0.228225;0
2;2;1;5;-50;0.228225;1
3;3;1;5;-50;0.228225;155.54224695822333
4;4;1;5;-50;0.228225;373.58540570122676
