;simufile;subject;real_tau;real_slope;real_intercept;real_sigmasqr
1;1;1;5;-15;0.228225;1
2;2;1;5;-15;0.228225;155.54224695822333
3;3;1;5;-15;0.228225;373.58540570122676
4;4;1;5;-2;0.228225;1
5;5;1;5;-2;0.228225;155.54224695822333
6;6;1;5;-2;0.228225;373.58540570122676
7;7;1;5;2;0.228225;1
8;8;1;5;2;0.228225;155.54224695822333
9;9;1;5;2;0.228225;373.58540570122676
10;10;1;5;15;0.228225;1
