;simufile;subject;tau;baysur_slope;regr_intercept;sigmasqr
1;1;1;5;-15;0.228225;155.54224695822333
2;2;1;5;-15;0.228225;373.58540570122676
3;3;1;5;-2;0.228225;155.54224695822333
4;4;1;5;-2;0.228225;373.58540570122676
5;5;1;5;2;0.228225;155.54224695822333
6;6;1;5;2;0.228225;373.58540570122676
7;7;1;5;15;0.228225;155.54224695822333
8;8;1;5;15;0.228225;373.58540570122676
